country_name,iso2,iso3,m49,un_region,un_subregion,aiso_search_aliases
Algeria,DZ,DZA,012,Africa,Northern Africa,"Algeria;Algerian"
Egypt,EG,EGY,818,Africa,Northern Africa,"Egypt;Egyptian"
Libya,LY,LBY,434,Africa,Northern Africa,"Libya;Libyan"
Morocco,MA,MAR,504,Africa,Northern Africa,"Morocco;Moroccan"
Sudan,SD,SDN,729,Africa,Northern Africa,"Sudan;Sudanese"
Tunisia,TN,TUN,788,Africa,Northern Africa,"Tunisia;Tunisian"
Burundi,BI,BDI,108,Africa,Eastern Africa,"Burundi;Burundian"
Comoros,KM,COM,174,Africa,Eastern Africa,"Comoros;Comorian"
Djibouti,DJ,DJI,262,Africa,Eastern Africa,"Djibouti;Djiboutian"
Eritrea,ER,ERI,232,Africa,Eastern Africa,"Eritrea;Eritrean"
Ethiopia,ET,ETH,231,Africa,Eastern Africa,"Ethiopia;Ethiopian"
Kenya,KE,KEN,404,Africa,Eastern Africa,"Kenya;Kenyan"
Madagascar,MG,MDG,450,Africa,Eastern Africa,"Madagascar;Malagasy"
Malawi,MW,MWI,454,Africa,Eastern Africa,"Malawi;Malawian"
Mauritius,MU,MUS,480,Africa,Eastern Africa,"Mauritius;Mauritian"
Mozambique,MZ,MOZ,508,Africa,Eastern Africa,"Mozambique;Mozambican"
Rwanda,RW,RWA,646,Africa,Eastern Africa,"Rwanda;Rwandan"
Seychelles,SC,SYC,690,Africa,Eastern Africa,"Seychelles;Seychellois"
Somalia,SO,SOM,706,Africa,Eastern Africa,"Somalia;Somali"
South Sudan,SS,SSD,728,Africa,Eastern Africa,"South Sudan;South Sudanese"
Uganda,UG,UGA,800,Africa,Eastern Africa,"Uganda;Ugandan"
United Republic of Tanzania,TZ,TZA,834,Africa,Eastern Africa,"Tanzania;United Republic of Tanzania;Tanzanian"
Zambia,ZM,ZMB,894,Africa,Eastern Africa,"Zambia;Zambian"
Zimbabwe,ZW,ZWE,716,Africa,Eastern Africa,"Zimbabwe;Zimbabwean"
Angola,AO,AGO,024,Africa,Middle Africa,"Angola;Angolan"
Cameroon,CM,CMR,120,Africa,Middle Africa,"Cameroon;Cameroonian"
Central African Republic,CF,CAF,140,Africa,Middle Africa,"Central African Republic;CAR;Central African"
Chad,TD,TCD,148,Africa,Middle Africa,"Chad;Chadian"
Congo,CG,COG,178,Africa,Middle Africa,"Republic of the Congo;Congo-Brazzaville;Congo Brazzaville"
Democratic Republic of the Congo,CD,COD,180,Africa,Middle Africa,"Democratic Republic of the Congo;DRC;Congo-Kinshasa;Congo Kinshasa;Zaire"
Equatorial Guinea,GQ,GNQ,226,Africa,Middle Africa,"Equatorial Guinea;Equatorial Guinean"
Gabon,GA,GAB,266,Africa,Middle Africa,"Gabon;Gabonese"
Sao Tome and Principe,ST,STP,678,Africa,Middle Africa,"Sao Tome and Principe;São Tomé and Príncipe;Sao Tome;São Tomé;Santomean"
Botswana,BW,BWA,072,Africa,Southern Africa,"Botswana;Botswanan"
Eswatini,SZ,SWZ,748,Africa,Southern Africa,"Eswatini;Swaziland;Swazi"
Lesotho,LS,LSO,426,Africa,Southern Africa,"Lesotho;Basotho;Mosotho"
Namibia,NA,NAM,516,Africa,Southern Africa,"Namibia;Namibian"
South Africa,ZA,ZAF,710,Africa,Southern Africa,"South Africa;South African"
Benin,BJ,BEN,204,Africa,Western Africa,"Benin;Beninese"
Burkina Faso,BF,BFA,854,Africa,Western Africa,"Burkina Faso;Burkinabe;Burkinabè"
Cabo Verde,CV,CPV,132,Africa,Western Africa,"Cabo Verde;Cape Verde;Cabo Verdean;Cape Verdean"
Cote d'Ivoire,CI,CIV,384,Africa,Western Africa,"Cote d'Ivoire;Côte d'Ivoire;Ivory Coast;Ivorian"
Gambia,GM,GMB,270,Africa,Western Africa,"Gambia;The Gambia;Gambian"
Ghana,GH,GHA,288,Africa,Western Africa,"Ghana;Ghanaian"
Guinea,GN,GIN,324,Africa,Western Africa,"Guinea;Guinean"
Guinea-Bissau,GW,GNB,624,Africa,Western Africa,"Guinea-Bissau;Guinea Bissau;Bissau-Guinean"
Liberia,LR,LBR,430,Africa,Western Africa,"Liberia;Liberian"
Mali,ML,MLI,466,Africa,Western Africa,"Mali;Malian"
Mauritania,MR,MRT,478,Africa,Western Africa,"Mauritania;Mauritanian"
Niger,NE,NER,562,Africa,Western Africa,"Niger;Nigerien"
Nigeria,NG,NGA,566,Africa,Western Africa,"Nigeria;Nigerian"
Senegal,SN,SEN,686,Africa,Western Africa,"Senegal;Senegalese"
Sierra Leone,SL,SLE,694,Africa,Western Africa,"Sierra Leone;Sierra Leonean"
Togo,TG,TGO,768,Africa,Western Africa,"Togo;Togolese"

